name,id,segment,layer,digitizer,channel,posx,posy,posz,phi,dir,pd,slope,offset
GAGG_C2R5,-1,6,2,-1,-1,0,0,0,0,1,1,1,0
GAGG_C2R38,-1,6,2,-1,-1,0,0,0,0,1,1,1,0
GAGG_C2R37,-1,6,2,-1,-1,0,0,0,0,1,1,1,0
GAGG_C2R36,-1,6,2,-1,-1,0,0,0,0,1,1,1,0
GAGG_C2R31,-1,6,2,-1,-1,0,0,0,0,1,1,1,0
GAGG_C2R30,-1,6,2,-1,-1,0,0,0,0,1,1,1,0
GAGG_C2R29,-1,6,2,-1,-1,0,0,0,0,1,1,1,0
GAGG_C2R28,-1,6,2,-1,-1,0,0,0,0,1,1,1,0
GAGG_C2R27,-1,6,2,-1,-1,0,0,0,0,1,1,1,0
GAGG_C2R26,-1,6,2,-1,-1,0,0,0,0,1,1,1,0
GAGG_C2R21,-1,6,2,-1,-1,0,0,0,0,1,1,1,0
GAGG_C2R20,-1,6,2,-1,-1,0,0,0,0,1,1,1,0
GAGG_C2R19,-1,6,2,-1,-1,0,0,0,0,1,1,1,0
GAGG_C2R18,-1,6,2,-1,-1,0,0,0,0,1,1,1,0
GAGG_C2R17,-1,6,2,-1,-1,0,0,0,0,1,1,1,0
GAGG_C2R12,-1,6,2,-1,-1,0,0,0,0,1,1,1,0
GAGG_C2R11,-1,6,2,-1,-1,0,0,0,0,1,1,1,0
GAGG_C2R10,-1,6,2,-1,-1,0,0,0,0,1,1,1,0
GAGG_C2L5,-1,5,2,-1,-1,0,0,0,0,1,1,1,0
GAGG_C2L38,-1,5,2,-1,-1,0,0,0,0,1,1,1,0
GAGG_C2L37,-1,5,2,-1,-1,0,0,0,0,1,1,1,0
GAGG_C2L36,-1,5,2,-1,-1,0,0,0,0,1,1,1,0
GAGG_C2L31,-1,5,2,-1,-1,0,0,0,0,1,1,1,0
GAGG_C2L30,-1,5,2,-1,-1,0,0,0,0,1,1,1,0
GAGG_C2L29,-1,5,2,-1,-1,0,0,0,0,1,1,1,0
GAGG_C2L28,-1,5,2,-1,-1,0,0,0,0,1,1,1,0
GAGG_C2L27,-1,5,2,-1,-1,0,0,0,0,1,1,1,0
GAGG_C2L26,-1,5,2,-1,-1,0,0,0,0,1,1,1,0
GAGG_C2L21,-1,5,2,-1,-1,0,0,0,0,1,1,1,0
GAGG_C2L20,-1,5,2,-1,-1,0,0,0,0,1,1,1,0
GAGG_C2L19,-1,5,2,-1,-1,0,0,0,0,1,1,1,0
GAGG_C2L18,-1,5,2,-1,-1,0,0,0,0,1,1,1,0
GAGG_C2L17,-1,5,2,-1,-1,0,0,0,0,1,1,1,0
GAGG_C2L12,-1,5,2,-1,-1,0,0,0,0,1,1,1,0
GAGG_C2L11,-1,5,2,-1,-1,0,0,0,0,1,1,1,0
GAGG_C2L10,-1,5,2,-1,-1,0,0,0,0,1,1,1,0
GAGG_C1L1U,112,5,1,1,49,59.05,1.3,381.5,0,1,2,1,0
GAGG_C1L1D,112,5,1,1,48,59.05,1.3,381.5,0,1,2,1,0
GAGG_C1L2U,114,5,1,1,51,96.05,1.3,381.5,0,1,2,1,0
GAGG_C1L2D,114,5,1,1,50,96.05,1.3,381.5,0,1,2,1,0
GAGG_C1L3U,116,5,1,1,53,133.05,1.3,381.5,0,1,2,1,0
GAGG_C1L3D,116,5,1,1,52,133.05,1.3,381.5,0,1,2,1,0
GAGG_C1L4U,118,5,1,1,55,170.05,1.3,381.5,0,1,2,1,0
GAGG_C1L4D,118,5,1,1,54,170.05,1.3,381.5,0,1,2,1,0
GAGG_RRU1F,128,2,1,2,1,-89.25,94.172,187.5,0,1,2,0.005968938,8.15935
GAGG_RRU1B,128,2,1,2,0,-89.25,94.172,187.5,0,1,2,0.005968938,8.15935
GAGG_RRU2F,130,2,1,2,3,-107.751,62.129,187.5,0,1,2,0.006881318,9.00571
GAGG_RRU2B,130,2,1,2,2,-107.751,62.129,187.5,0,1,2,0.006881318,9.00571
GAGG_RRU3F,132,2,1,2,5,-126.25,30.086,187.5,0,1,2,0.006402541,14.2285
GAGG_RRU3B,132,2,1,2,4,-126.25,30.086,187.5,0,1,2,0.006402541,14.2285
GAGG_RRD1F,136,3,1,2,9,-126.25,-30.248,187.5,0,1,2,0.005357851,10.8582
GAGG_RRD1B,136,3,1,2,8,-126.25,-30.248,187.5,0,1,2,0.005357851,10.8582
GAGG_RRD2F,138,3,1,2,11,-107.751,-62.29,187.5,0,1,2,0.005291145,8.96799
GAGG_RRD2B,138,3,1,2,10,-107.751,-62.29,187.5,0,1,2,0.005291145,8.96799
GAGG_RRD3F,140,3,1,2,13,-89.251,-94.333,187.5,0,1,2,0.00669936,10.6251
GAGG_RRD3B,140,3,1,2,12,-89.251,-94.333,187.5,0,1,2,0.00669936,10.6251
GAGG_RRU4F,144,2,2,2,17,-118.971,132.693,207.5,0,1,2,1,0
GAGG_RRU4B,144,2,2,2,16,-118.971,132.693,207.5,0,1,2,1,0
GAGG_RRU5F,146,2,2,2,19,-137.471,100.65,207.5,0,1,2,1,0
GAGG_RRU5B,146,2,2,2,18,-137.471,100.65,207.5,0,1,2,1,0
GAGG_RRU6F,148,2,2,2,21,-155.971,68.608,207.5,0,1,2,1,0
GAGG_RRU6B,148,2,2,2,20,-155.971,68.608,207.5,0,1,2,1,0
GAGG_RRU7F,150,2,2,2,23,-174.471,36.565,207.5,0,1,2,1,0
GAGG_RRU7B,150,2,2,2,22,-174.471,36.565,207.5,0,1,2,1,0
GAGG_RRD4F,152,3,2,2,25,-174.471,-36.565,207.5,0,1,2,1,0
GAGG_RRD4B,152,3,2,2,24,-174.471,-36.565,207.5,0,1,2,1,0
GAGG_RRD5F,154,3,2,2,27,-155.971,-68.608,207.5,0,1,2,1,0
GAGG_RRD5B,154,3,2,2,26,-155.971,-68.608,207.5,0,1,2,1,0
GAGG_RRD6F,156,3,2,2,29,-137.471,-100.65,207.5,0,1,2,1,0
GAGG_RRD6B,156,3,2,2,28,-137.471,-100.65,207.5,0,1,2,1,0
GAGG_RRD7F,158,3,2,2,31,-118.971,-132.693,207.5,0,1,2,1,0
GAGG_RRD7B,158,3,2,2,30,-118.971,-132.693,207.5,0,1,2,1,0
GAGG_C2L6,160,5,2,2,32,76,-57.7,421.491,0,1,1,1,0
GAGG_C2L7,161,5,2,2,33,95,-19.7,421.491,0,1,1,1,0
GAGG_C2L8,162,5,2,2,34,95,18.3,421.491,0,1,1,1,0
GAGG_C2L9,163,5,2,2,35,76,56.3,421.491,0,1,1,1,0
GAGG_C2L13,164,5,2,2,36,114,-57.7,421.491,0,1,1,1,0
GAGG_C2L14,165,5,2,2,37,133,-19.7,421.491,0,1,1,1,0
GAGG_C2L15,166,5,2,2,38,133,18.3,421.491,0,1,1,1,0
GAGG_C2L16,167,5,2,2,39,114,56.3,421.491,0,1,1,1,0
GAGG_C2L22,168,5,2,2,40,152,-57.7,421.491,0,1,1,1,0
GAGG_C2L23,169,5,2,2,41,171,-19.7,421.491,0,1,1,1,0
GAGG_C2L24,170,5,2,2,42,171,18.3,421.491,0,1,1,1,0
GAGG_C2L25,171,5,2,2,43,152,56.3,421.491,0,1,1,1,0
GAGG_C2L32,172,5,2,2,44,190,-57.7,421.491,0,1,1,1,0
GAGG_C2L33,173,5,2,2,45,209,-19.7,421.491,0,1,1,1,0
GAGG_C2L34,174,5,2,2,46,209,18.3,421.491,0,1,1,1,0
GAGG_C2L35,175,5,2,2,47,190,56.3,421.491,0,1,1,1,0
GAGG_C2L1,176,5,2,2,48,38,-57.7,421.491,0,1,1,0.366548,268.05
GAGG_C2L2,177,5,2,2,49,57,-19.7,421.491,0,1,1,0.3746938,534.2718
GAGG_C2L3,178,5,2,2,50,57,18.3,421.491,0,1,1,0.322556,429.25
GAGG_C2L4,179,5,2,2,51,38,56.3,421.491,0,1,1,0.364065,314.798
GAGG_RLD1F,192,4,1,3,1,89.25,-94.172,187.5,0,1,2,0.00559034,14.0265
GAGG_RLD1B,192,4,1,3,0,89.25,-94.172,187.5,0,1,2,0.00559034,14.0265
GAGG_RLD2F,194,4,1,3,3,107.751,-62.129,187.5,0,1,2,0.005498735,10.9122
GAGG_RLD2B,194,4,1,3,2,107.751,-62.129,187.5,0,1,2,0.005498735,10.9122
GAGG_RLD3F,196,4,1,3,5,126.25,-30.086,187.5,0,1,2,0.005695993,12.3503
GAGG_RLD3B,196,4,1,3,4,126.25,-30.086,187.5,0,1,2,0.005695993,12.3503
GAGG_RLU1F,200,1,1,3,9,126.251,30.248,187.5,0,1,2,0.007215424,13.3457
GAGG_RLU1B,200,1,1,3,8,126.251,30.248,187.5,0,1,2,0.007215424,13.3457
GAGG_RLU2F,202,1,1,3,11,107.751,62.29,187.5,0,1,2,0.00634558,12.8722
GAGG_RLU2B,202,1,1,3,10,107.751,62.29,187.5,0,1,2,0.00634558,12.8722
GAGG_RLU3F,204,1,1,3,13,89.251,94.333,187.5,0,1,2,0.006715872,11.3598
GAGG_RLU3B,204,1,1,3,12,89.251,94.333,187.5,0,1,2,0.006715872,11.3598
GAGG_RLD4F,208,4,2,3,17,118.971,-132.693,207.5,0,1,2,1,0
GAGG_RLD4B,208,4,2,3,16,118.971,-132.693,207.5,0,1,2,1,0
GAGG_RLD5F,210,4,2,3,19,137.472,-100.812,207.5,0,1,2,1,0
GAGG_RLD5B,210,4,2,3,18,137.472,-100.812,207.5,0,1,2,1,0
GAGG_RLD6F,212,4,2,3,21,155.972,-68.769,207.5,0,1,2,1,0
GAGG_RLD6B,212,4,2,3,20,155.972,-68.769,207.5,0,1,2,1,0
GAGG_RLD7F,214,4,2,3,23,174.472,-36.726,207.5,0,1,2,1,0
GAGG_RLD7B,214,4,2,3,22,174.472,-36.726,207.5,0,1,2,1,0
GAGG_RLU4F,216,1,2,3,25,174.472,36.565,207.5,0,1,2,1,0
GAGG_RLU4B,216,1,2,3,24,174.472,36.565,207.5,0,1,2,1,0
GAGG_RLU5F,218,1,2,3,27,155.972,68.608,207.5,0,1,2,1,0
GAGG_RLU5B,218,1,2,3,26,155.972,68.608,207.5,0,1,2,1,0
GAGG_RLU6F,220,1,2,3,29,137.472,100.65,207.5,0,1,2,1,0
GAGG_RLU6B,220,1,2,3,28,137.472,100.65,207.5,0,1,2,1,0
GAGG_RLU7F,222,1,2,3,31,118.972,132.693,207.5,0,1,2,1,0
GAGG_RLU7B,222,1,2,3,30,118.972,132.693,207.5,0,1,2,1,0
GAGG_C2R6,224,6,2,3,32,-76,-57.7,421.491,0,1,1,1,0
GAGG_C2R7,225,6,2,3,33,-95,-19.7,421.491,0,1,1,1,0
GAGG_C2R8,226,6,2,3,34,-95,18.3,421.491,0,1,1,1,0
GAGG_C2R9,227,6,2,3,35,-76,56.3,421.491,0,1,1,1,0
GAGG_C2R13,228,6,2,3,36,-114,-57.7,421.491,0,1,1,1,0
GAGG_C2R14,229,6,2,3,37,-133,-19.7,421.491,0,1,1,1,0
GAGG_C2R15,230,6,2,3,38,-133,18.3,421.491,0,1,1,1,0
GAGG_C2R16,231,6,2,3,39,-114,56.3,421.491,0,1,1,1,0
GAGG_C2R22,232,6,2,3,40,-152,-57.7,421.491,0,1,1,1,0
GAGG_C2R23,233,6,2,3,41,-171,-19.7,421.491,0,1,1,1,0
GAGG_C2R24,234,6,2,3,42,-171,18.3,421.491,0,1,1,1,0
GAGG_C2R25,235,6,2,3,43,-152,56.3,421.491,0,1,1,1,0
GAGG_C2R32,236,6,2,3,44,-190,-57.7,421.491,0,1,1,1,0
GAGG_C2R33,237,6,2,3,45,-209,-19.7,421.491,0,1,1,1,0
GAGG_C2R34,238,6,2,3,46,-209,18.3,421.491,0,1,1,1,0
GAGG_C2R35,239,6,2,3,47,-190,56.3,421.491,0,1,1,1,0
GAGG_C2R1,240,6,2,3,48,-38,-57.7,421.491,0,1,1,1,0
GAGG_C2R2,241,6,2,3,49,-57,-19.7,421.491,0,1,1,1,0
GAGG_C2R3,242,6,2,3,50,-57,18.3,421.491,0,1,1,1,0
GAGG_C2R4,243,6,2,3,51,-38,56.3,421.491,0,1,1,1,0
